,q1,q2,q3,q4,q5,q6,q7,q8,q9,q10,q11,q12,q13,q14,q15,q16,q17,q18,q19,q20
1,1,2,3,5,4,3,2,3,3,3,3,1,1,1,1,1,1,1,1,5
2,2,3,2,2,4,4,4,4,3,4,3,3,4,4,4,4,3,3,2,2
3,3,3,5,3,5,5,5,5,5,5,5,5,2,5,2,1,5,5,5,5
4,4,4,5,4,4,4,4,4,5,5,5,5,2,1,2,1,5,5,5,5
5,4,4,5,4,4,4,2,4,3,3,4,4,1,1,3,2,5,5,3,5
6,4,5,5,5,4,5,5,5,5,4,4,3,4,2,2,2,5,5,4,4
7,3,3,4,2,5,5,3,5,3,5,4,4,2,5,5,5,5,5,3,4
8,5,2,3,3,3,5,2,2,4,3,2,4,3,4,3,4,4,3,2,3
9,3,3,2,2,4,3,4,4,3,4,4,4,3,2,2,2,4,3,3,4
10,3,3,2,1,5,5,5,5,5,5,4,4,4,4,5,5,5,4,4,5
11,4,5,4,5,4,5,5,5,5,5,5,5,2,2,2,2,5,5,5,5
12,2,4,2,2,4,4,4,4,3,3,4,4,2,2,2,2,5,5,5,4
13,4,4,4,4,4,4,4,4,4,2,4,4,4,4,3,4,4,4,4,3
14,3,3,4,4,4,4,4,5,3,4,5,4,4,5,3,1,5,5,5,3
15,3,2,2,4,4,4,2,3,2,2,5,5,3,2,5,4,3,3,2,4
16,4,4,3,4,3,4,5,3,4,3,4,5,4,4,3,4,5,4,3,4
17,5,5,5,5,5,5,5,5,5,5,5,5,4,3,3,2,5,5,5,5
18,4,5,5,5,5,5,5,5,5,5,5,4,2,2,2,2,4,5,4,5
19,5,5,5,5,5,5,5,5,5,5,5,5,5,5,5,5,5,5,5,5
20,4,4,4,3,3,4,4,3,3,3,4,4,4,4,3,2,4,4,3,3
21,4,4,2,4,4,4,4,5,3,5,4,5,4,2,3,1,4,4,4,4
22,2,4,4,4,5,5,4,5,3,4,4,5,2,2,1,2,4,4,4,3
23,4,4,4,4,4,4,4,4,4,4,4,4,4,4,4,4,4,4,4,4
24,3,3,2,4,4,4,5,5,5,3,5,5,3,4,4,5,5,5,2,5
25,4,4,5,5,5,5,4,5,3,4,4,4,2,2,4,4,5,5,5,5
26,3,1,3,4,4,3,2,4,5,4,4,2,2,5,4,5,5,2,2,3
27,4,4,4,4,5,5,5,5,4,4,4,5,4,3,4,4,4,4,2,3
28,4,4,4,4,4,5,5,4,4,5,4,5,2,2,2,2,4,2,4,4
29,2,4,2,2,2,2,2,4,2,3,4,4,3,2,3,4,3,2,3,4
30,2,1,2,2,3,3,4,3,5,5,4,4,2,2,4,3,5,5,4,4
31,1,3,2,1,4,4,4,4,5,5,4,4,3,4,5,5,4,4,4,2
32,2,3,2,2,4,4,4,4,3,3,4,3,2,2,2,2,4,4,4,3
33,2,3,4,3,4,4,4,4,4,4,4,4,2,2,4,4,4,4,4,4
34,2,3,4,3,5,5,5,5,4,4,5,4,3,2,5,4,3,4,3,4
35,2,3,1,1,4,5,4,5,4,5,4,5,4,5,4,5,4,5,4,5
36,3,4,3,3,5,5,5,5,5,4,4,5,1,1,2,2,3,4,4,3
37,1,4,2,3,4,3,4,5,2,5,5,4,4,2,1,2,4,2,3,3
38,3,4,4,5,4,3,4,4,4,4,4,4,1,2,2,1,2,3,3,3
39,4,4,4,4,4,2,4,4,4,4,4,4,4,2,4,2,4,4,4,4
40,4,4,5,5,5,5,4,4,2,4,3,3,1,3,4,1,5,5,5,1
41,4,4,4,4,4,4,4,4,4,4,4,4,1,1,1,1,4,4,4,4
42,3,2,4,4,3,2,5,4,1,3,2,1,4,3,3,2,4,3,5,4
43,2,4,4,5,5,4,5,4,4,5,5,5,2,4,2,1,5,5,4,2
44,4,5,4,5,4,5,4,5,4,5,4,5,4,5,4,5,4,5,4,5
45,3,4,4,3,3,3,4,4,2,4,4,4,1,1,1,1,4,4,2,3
46,4,5,4,5,4,5,4,5,4,5,4,5,4,5,4,5,4,5,4,5
47,4,5,4,5,4,5,4,5,4,5,4,5,4,5,4,5,4,5,4,5
48,3,4,4,3,5,5,4,4,2,5,4,5,4,5,5,5,5,4,4,4
49,4,5,4,5,4,5,4,5,4,5,4,5,4,5,4,5,4,5,4,5
50,1,1,1,1,4,4,4,4,3,4,2,4,4,5,5,5,3,3,2,2
51,2,3,3,3,2,2,2,3,4,3,2,3,2,3,4,3,3,2,3,4
52,1,4,1,1,4,4,4,4,4,5,5,5,3,3,4,4,4,4,4,4
53,2,4,4,3,2,4,5,5,4,4,5,4,1,1,2,2,5,4,2,1
54,4,4,4,4,4,3,4,4,2,4,4,2,3,3,4,2,4,4,4,4
55,5,5,5,5,5,5,5,5,5,5,5,5,1,1,3,3,5,5,5,5
56,3,5,4,4,5,5,5,5,5,5,5,5,1,1,2,2,5,5,5,5
57,4,4,5,4,4,5,4,5,4,4,4,4,5,5,4,4,5,4,4,4
58,2,2,2,2,4,3,3,4,2,5,4,4,4,4,4,4,4,4,3,3
59,5,4,5,4,5,4,5,4,5,4,4,5,4,5,4,5,4,5,4,5
60,2,4,4,3,4,4,4,4,3,3,4,3,2,2,2,3,4,4,4,4
61,1,4,1,3,5,5,5,5,4,4,5,5,1,1,1,1,5,5,5,5
62,2,2,2,2,4,4,4,4,2,4,4,4,3,3,4,3,2,2,2,2
63,4,4,4,4,4,4,4,4,4,4,4,4,2,2,4,2,4,4,4,4
64,3,4,5,4,4,4,4,4,5,5,4,4,4,4,4,4,4,4,3,4
65,2,4,2,2,4,3,4,4,4,4,4,4,3,3,3,3,4,4,4,3
66,4,4,4,4,4,4,4,4,3,4,4,4,4,2,4,2,4,4,3,4
67,1,5,5,5,5,5,5,5,5,5,5,5,1,1,1,1,5,5,5,5
68,2,4,2,4,4,4,3,4,2,4,4,4,4,4,2,2,4,4,4,4
69,2,3,3,3,4,3,4,5,3,4,3,4,3,2,3,3,4,5,3,3
70,3,1,5,5,5,5,5,5,3,4,5,4,1,1,4,1,3,4,3,3
71,3,3,2,3,3,3,4,4,2,4,4,4,3,3,4,4,5,5,5,4
72,4,4,5,4,4,3,4,4,4,3,4,5,2,2,2,2,4,4,4,4
73,5,4,5,4,4,4,5,5,4,5,4,5,2,3,4,4,5,2,3,3
74,4,5,5,5,4,5,5,5,5,5,5,5,1,1,1,1,5,5,5,3
75,3,4,5,5,4,4,4,4,3,3,3,3,3,2,1,1,4,4,4,3
76,3,4,4,4,5,4,5,5,3,4,4,4,2,2,4,2,4,4,4,4
77,4,5,4,4,5,5,5,5,2,5,5,5,2,2,2,2,5,5,5,5
78,2,4,4,4,5,4,4,4,2,4,4,4,2,2,2,2,4,4,2,4
79,5,5,5,5,5,5,5,5,5,5,5,5,5,3,1,1,5,5,5,5
80,4,4,4,4,3,2,4,5,2,3,3,3,4,3,5,4,2,4,3,3
81,2,4,2,1,4,4,3,4,5,5,5,5,1,1,1,2,4,5,5,5
82,4,4,5,5,5,5,5,5,3,3,4,4,1,1,3,1,5,5,5,5
83,4,5,4,4,4,4,4,5,4,4,4,5,4,5,4,4,4,4,3,4
84,3,5,4,4,4,4,3,5,2,2,5,5,2,1,3,2,5,5,3,4
85,2,3,2,2,5,5,3,4,3,4,3,2,5,5,5,5,4,5,4,3
86,4,4,4,3,5,4,5,5,5,3,4,3,4,2,3,3,3,4,2,3
87,2,2,4,3,4,4,4,4,2,3,4,4,2,2,4,4,4,4,3,4
88,5,4,4,3,5,4,4,3,5,4,4,3,5,5,4,3,4,2,4,4
89,4,5,4,4,3,4,5,5,4,5,4,3,4,2,1,2,3,2,2,3
90,4,4,5,4,5,5,4,5,4,3,4,3,2,2,1,1,4,4,4,4
91,3,3,4,4,5,4,4,5,4,5,4,4,2,2,3,3,5,5,4,4
92,3,4,4,3,4,4,4,4,3,3,3,3,4,4,4,4,3,4,4,3
93,1,3,1,1,4,4,4,4,5,5,5,5,1,1,4,4,4,4,4,3
94,4,4,5,5,4,4,4,4,2,3,4,3,2,2,4,4,5,4,3,3
95,2,4,2,2,5,5,5,4,2,4,5,5,1,2,4,4,5,5,2,3
96,4,4,4,4,4,4,4,4,4,4,4,4,2,2,2,2,4,4,4,4
97,2,3,4,3,3,3,4,4,4,4,4,4,2,2,3,2,3,4,4,3
98,4,3,4,3,4,4,4,4,2,4,3,3,2,2,2,2,4,4,3,4
99,4,5,4,3,4,4,5,5,4,4,4,4,3,2,2,2,3,4,3,4
100,3,5,4,5,5,5,5,5,3,3,5,4,5,4,3,3,5,4,4,4
101,1,1,5,1,1,1,5,5,5,5,5,1,5,5,5,5,1,5,1,1
102,4,4,4,4,4,4,4,4,4,4,4,2,2,2,2,2,2,2,4,4
103,4,4,4,4,5,5,4,4,3,4,4,5,2,2,3,3,4,5,4,4
104,4,3,4,3,3,3,4,2,3,4,3,3,3,3,2,2,3,3,4,4
105,3,4,2,3,4,4,4,4,3,4,5,5,1,3,1,3,5,5,4,4
106,2,3,4,3,4,2,3,3,4,5,4,3,2,2,4,4,4,4,3,3
107,4,4,5,5,4,3,5,4,4,4,4,4,4,5,4,4,3,5,4,4
108,2,3,2,2,4,4,4,4,2,4,4,4,1,1,1,1,4,4,4,4
109,3,3,3,3,4,4,4,4,4,4,4,4,5,5,4,4,5,5,5,5
110,2,2,3,4,5,5,4,4,4,2,4,4,5,5,5,5,5,5,4,4
111,2,4,3,2,4,4,4,5,4,5,4,4,1,2,2,2,5,4,4,4
112,2,4,2,3,5,5,5,5,1,4,4,4,4,5,5,5,4,5,2,3
113,4,5,4,5,5,4,5,5,4,5,4,3,4,2,1,2,4,3,4,5
114,2,4,4,4,5,5,4,4,3,4,4,4,2,4,2,1,5,2,4,2
115,1,2,1,1,4,4,5,5,3,5,5,5,2,3,4,5,2,5,1,3
116,4,4,4,4,4,5,5,4,4,2,4,4,5,5,4,4,4,4,4,4
117,3,2,2,2,4,4,4,4,4,3,4,4,3,4,4,4,4,4,4,3
118,2,4,3,2,4,4,4,5,5,5,5,5,2,2,4,4,5,5,5,5
119,4,4,5,5,5,5,5,5,4,3,5,4,2,1,1,1,5,5,4,5
120,3,5,5,5,5,5,5,5,5,5,5,5,1,1,1,1,5,5,5,5
121,3,3,3,4,4,4,4,4,3,4,4,4,2,2,2,2,4,4,4,4
122,5,5,4,4,3,4,4,5,3,4,4,4,5,4,2,2,4,4,4,4
123,1,1,1,1,5,5,5,5,1,3,3,3,5,5,5,5,4,2,1,1
124,3,4,2,2,2,4,4,4,5,5,4,4,4,4,4,2,5,5,4,4
125,4,4,4,4,3,3,4,2,3,4,4,5,4,2,3,5,4,4,4,4
126,3,3,5,3,4,4,5,5,3,3,4,3,1,1,2,3,5,3,3,5
127,4,5,5,5,5,5,5,5,5,5,4,5,5,5,1,1,5,5,5,5
128,1,1,2,3,4,3,4,4,4,5,4,4,2,2,4,2,2,2,1,3
129,3,3,4,4,4,3,4,4,4,4,4,4,2,2,2,2,2,4,4,3
130,3,4,4,4,4,4,4,4,4,4,4,4,2,2,2,2,3,4,3,4
131,3,4,2,3,1,4,4,5,5,1,4,3,3,4,2,1,3,2,1,4
132,2,3,3,2,4,4,4,5,3,3,4,4,2,2,3,2,4,4,5,4
133,3,4,5,4,5,5,5,5,5,5,5,5,1,1,1,2,4,4,5,5
134,3,5,4,4,3,3,5,5,3,2,4,4,2,1,1,3,5,5,5,4
135,4,4,5,4,4,4,4,4,5,5,4,4,4,4,2,2,4,4,4,5
136,3,4,4,4,4,4,4,4,3,4,4,4,2,3,3,4,4,4,3,4
137,2,3,2,2,5,4,5,4,1,2,4,3,2,4,2,2,4,4,3,4
138,3,3,5,4,5,2,5,5,3,4,4,4,1,1,2,2,5,4,3,4
139,2,2,2,2,4,4,4,4,4,4,4,4,2,2,4,4,2,2,2,2
140,3,4,3,3,5,5,5,5,5,5,5,5,1,1,1,1,5,5,5,5
141,3,4,2,3,5,5,5,5,5,5,4,4,4,3,4,4,5,5,5,5
142,2,2,2,2,3,2,4,4,4,4,4,4,2,2,2,2,2,4,3,3
143,1,4,5,4,5,5,5,5,5,5,5,5,1,1,5,5,3,3,3,4
144,1,4,1,1,4,4,3,4,5,5,5,5,1,1,3,2,4,4,4,5
145,1,2,2,2,4,5,4,5,5,3,4,4,4,2,4,3,5,5,4,5
146,3,4,5,5,4,4,4,4,2,2,5,2,1,1,1,1,4,4,4,3
147,1,1,2,3,3,3,2,4,1,4,4,4,4,4,4,4,4,4,2,3
148,4,4,4,4,4,5,4,4,4,4,4,4,5,3,3,2,4,4,3,3
149,4,5,4,4,4,3,4,4,5,3,4,5,3,2,2,2,4,4,4,5
150,4,4,4,4,5,5,5,5,5,5,5,4,3,3,3,2,4,4,4,4
151,NA,NA,NA,NA,NA,NA,NA,NA,NA,NA,NA,NA,NA,NA,NA,NA,NA,NA,NA,NA
152,2,3,3,3,4,3,3,2,3,3,3,3,3,3,3,3,3,2,4,3
153,3,2,2,4,5,5,5,5,2,5,4,4,2,2,3,4,4,4,2,4
154,1,4,1,1,5,4,4,4,5,5,5,4,3,3,4,4,3,3,2,3
155,4,4,3,4,5,5,5,4,2,3,4,2,2,4,4,4,5,5,5,4
156,3,2,2,3,4,4,5,4,4,5,4,4,3,2,3,3,3,3,4,4
157,2,2,2,2,5,4,4,4,2,5,4,4,3,3,5,5,5,5,4,3
158,2,3,4,3,4,3,4,4,1,4,4,2,3,2,4,4,4,4,4,4
159,4,4,2,3,4,4,4,4,2,4,4,4,2,2,4,4,4,4,2,3
160,5,5,5,5,5,5,5,5,5,5,4,4,4,1,4,4,4,4,3,4
161,4,4,4,4,4,4,4,4,4,4,4,4,2,2,2,2,2,2,2,2
162,4,5,4,3,4,3,5,4,5,5,4,4,5,2,2,2,2,4,4,5
163,4,5,5,5,5,5,5,5,5,5,5,4,1,1,3,2,4,5,5,4
164,2,2,2,2,4,4,4,4,4,4,4,4,4,4,3,4,2,2,2,2
165,2,4,2,4,2,2,4,4,2,4,5,4,1,1,2,2,4,4,4,4
166,3,4,4,3,2,2,4,4,5,5,5,5,3,2,4,3,2,2,2,3
167,4,5,5,5,5,5,5,5,5,5,5,4,4,4,4,4,4,4,4,5
168,3,3,2,3,4,4,4,4,2,4,3,4,4,5,5,5,3,4,3,3
169,4,5,4,4,4,4,4,5,5,4,4,4,4,4,4,3,4,5,4,4
170,1,2,2,2,5,5,5,5,5,5,5,5,4,4,5,5,5,5,4,4
171,3,4,4,3,2,2,3,3,3,4,5,4,2,2,2,2,1,2,2,2
172,3,3,3,4,4,4,3,4,3,4,4,4,4,4,4,4,2,2,2,2
173,2,4,1,3,3,3,4,4,3,5,4,5,1,2,4,4,4,5,4,4
174,2,2,4,1,4,4,4,2,2,5,3,4,3,5,5,5,5,5,2,3
175,3,4,4,3,4,4,5,5,5,5,4,4,1,1,1,1,4,4,4,4
176,3,4,3,4,5,5,5,5,4,4,4,5,2,2,1,2,5,4,4,3
177,4,3,4,3,4,4,3,4,2,2,4,4,2,2,3,2,5,5,5,5
178,5,5,5,5,5,5,5,5,5,5,4,4,4,4,4,4,5,5,2,5
179,1,3,1,2,4,3,4,4,4,4,4,2,4,3,4,3,2,2,2,2
180,3,4,4,4,5,5,4,4,4,5,4,4,1,2,3,2,5,4,3,3
181,3,4,4,4,5,3,4,4,2,3,4,4,1,1,2,2,4,4,4,5
182,2,5,1,2,4,2,5,5,5,5,5,5,4,1,1,1,2,4,4,5
183,2,4,5,2,5,4,5,5,5,5,5,5,1,2,2,2,4,5,2,4
184,2,4,2,2,2,2,4,4,5,5,5,4,3,3,3,2,2,4,1,1
185,3,2,3,3,4,4,4,4,3,3,3,3,4,2,2,1,5,5,5,4
186,5,3,4,3,2,5,2,4,3,5,5,3,2,2,5,5,3,4,2,2
187,5,4,4,5,5,5,5,5,5,5,5,3,3,4,4,4,5,5,5,5
188,2,4,3,4,5,5,5,5,2,3,5,4,2,3,3,1,4,4,4,4
189,4,5,5,5,5,5,4,4,5,4,5,5,5,4,3,2,4,3,3,2
190,2,2,2,3,4,4,4,4,2,4,3,3,2,2,4,4,4,3,3,2
191,2,3,2,3,4,4,4,4,5,5,4,4,2,3,3,2,3,3,2,4
192,3,5,5,5,4,3,5,5,5,3,5,3,3,2,1,4,5,5,5,5
193,3,4,2,3,4,4,4,4,3,3,4,2,4,4,4,4,4,4,4,3
194,2,2,2,2,5,4,4,4,4,4,4,4,4,4,5,5,5,5,4,4
195,4,5,5,5,4,4,4,5,5,5,5,5,1,1,1,1,3,5,5,5
196,2,3,2,2,5,4,5,5,4,5,4,4,2,1,2,2,2,4,3,4
197,4,5,5,4,4,3,4,4,4,4,3,4,4,1,1,1,4,1,4,5
198,4,5,4,4,4,4,4,4,3,2,4,4,2,1,2,1,4,4,4,4
199,5,5,5,5,5,5,5,5,3,5,5,5,5,1,1,1,5,1,5,5
200,3,5,5,4,4,4,5,5,4,3,4,4,1,2,1,2,5,5,4,4
201,4,5,5,5,5,5,5,5,5,4,5,5,1,2,2,4,4,5,4,4
202,2,2,4,5,4,4,4,5,5,5,5,5,4,2,4,2,4,4,5,4
203,2,4,2,2,4,4,4,3,4,4,4,4,4,2,2,2,4,4,4,4
204,4,5,4,4,3,4,5,4,4,3,4,4,4,3,4,4,4,4,4,4
205,2,3,3,2,4,4,4,4,2,4,3,4,2,2,2,2,4,4,4,3
206,5,4,5,4,5,5,5,5,2,2,5,4,1,1,4,1,5,4,5,5
207,3,4,3,3,1,1,2,1,5,3,5,5,1,1,1,1,5,5,5,5
208,2,3,4,4,3,2,3,4,5,4,2,3,4,4,2,2,2,4,3,4
209,4,4,4,4,4,5,5,5,3,3,4,4,4,4,4,4,5,5,4,4
210,2,3,4,4,5,5,4,4,3,4,4,4,3,3,3,3,4,4,2,3
211,2,3,2,2,4,4,4,4,4,4,4,4,3,3,4,4,4,4,4,4
212,2,3,2,2,4,4,3,3,2,2,4,4,4,3,3,4,5,5,5,4
213,2,4,3,2,5,4,4,4,3,4,4,4,3,2,4,3,4,4,4,4
214,2,3,3,2,4,4,3,4,3,3,4,3,2,2,2,4,4,5,3,3
215,2,5,2,4,5,5,5,5,5,5,5,5,2,2,2,3,4,4,2,4
216,1,1,1,1,5,5,5,5,1,4,5,5,1,1,3,1,3,1,1,4
217,1,4,4,4,5,5,5,5,4,3,4,4,2,1,1,1,4,4,3,4
218,4,5,4,4,5,4,4,5,5,5,4,4,4,3,5,5,5,5,4,4
219,2,4,3,4,5,4,3,4,3,4,4,4,4,4,3,4,4,4,3,3
220,2,3,4,4,4,5,4,4,2,3,4,3,5,3,4,2,5,5,5,5
221,4,5,4,5,3,5,3,5,4,3,5,3,5,4,3,5,3,4,4,5
222,2,4,2,2,4,4,4,3,4,4,4,3,3,4,3,3,4,4,4,3
223,5,5,4,5,4,3,4,4,3,4,5,3,3,2,2,3,4,4,3,4
224,4,4,4,4,4,4,4,4,2,2,4,2,2,2,3,1,4,4,4,4
225,4,4,4,4,4,4,4,4,4,4,4,4,2,2,2,2,4,4,4,4
226,3,2,2,4,5,5,5,4,4,4,5,5,4,4,4,5,5,5,4,4
227,4,5,4,5,4,4,4,4,3,5,4,4,4,2,3,2,4,5,5,5
228,4,5,4,4,5,5,5,4,4,4,5,5,3,4,3,2,4,4,5,5
229,1,3,4,2,5,5,5,5,4,5,5,4,3,2,4,3,5,5,5,5
230,3,3,4,3,4,4,4,3,3,4,4,4,4,4,4,4,4,4,3,3
231,4,3,3,4,3,4,4,3,3,3,4,3,3,3,3,2,5,2,5,3
232,3,4,4,3,4,4,4,4,4,4,4,4,2,2,3,2,4,4,4,4
233,3,3,4,4,4,4,3,4,3,4,4,4,3,3,4,4,3,3,3,3
234,1,4,2,2,4,4,4,4,2,4,3,3,1,2,2,2,5,5,5,5
235,2,2,3,3,4,4,3,3,2,4,3,4,2,3,4,3,5,2,4,2
236,2,2,4,5,3,5,3,5,5,3,3,5,4,3,3,4,5,5,4,3
237,2,3,3,3,5,4,4,4,3,3,3,3,3,2,5,5,5,5,4,4
238,1,3,1,1,4,4,3,4,2,4,4,4,4,4,4,4,5,5,5,5
239,3,2,2,2,4,4,4,4,4,4,4,4,2,2,4,3,4,4,4,4
240,2,3,2,3,4,4,4,4,3,3,4,4,2,2,2,2,4,4,4,4
241,3,4,3,2,3,3,4,4,3,4,4,4,1,2,2,2,4,4,4,4
242,4,5,4,4,5,5,5,5,5,5,5,3,1,1,1,1,5,4,4,4
243,4,5,4,4,5,4,4,5,4,3,4,3,4,4,5,4,4,5,4,4
244,1,4,4,2,5,5,5,5,4,5,5,5,4,3,4,3,5,5,5,5
245,4,4,4,4,4,4,4,4,4,4,4,4,2,2,2,2,4,4,4,4
246,2,3,2,2,4,4,4,4,3,3,4,4,2,2,3,3,4,4,4,4
247,3,3,2,3,2,2,4,4,4,5,4,4,1,1,2,2,2,5,2,2
248,5,4,5,5,5,4,4,5,5,4,3,2,3,3,3,4,4,3,3,3
249,1,4,3,3,5,5,5,5,5,5,5,5,2,2,4,1,5,4,5,5
250,3,3,4,5,4,4,5,5,5,4,5,4,1,1,4,4,5,5,3,5
251,2,3,4,4,4,4,3,4,4,5,3,4,2,3,3,3,4,5,4,4
252,2,3,3,3,2,4,4,3,4,5,5,5,1,1,3,1,5,5,4,5
253,1,3,2,2,4,4,3,4,3,4,4,4,3,2,4,4,4,5,3,4
254,2,4,4,4,4,4,5,5,4,4,4,4,2,2,2,2,4,4,4,4
255,1,3,2,4,4,4,4,4,2,3,4,3,4,4,4,4,4,3,4,3
256,1,4,2,1,4,4,4,4,4,5,4,3,1,1,1,1,3,4,3,3
257,1,2,2,2,2,4,4,3,1,2,4,4,3,3,4,3,4,4,3,4
258,2,3,4,2,5,5,5,5,4,5,5,5,1,1,4,2,4,5,4,5
259,4,4,4,4,4,4,4,4,3,4,4,4,4,3,3,3,4,4,4,4
260,2,3,2,3,4,4,4,4,4,4,5,4,1,1,1,1,5,5,4,4
261,1,3,1,2,5,5,5,5,2,2,3,3,4,5,3,3,5,5,1,5
262,1,2,2,1,2,1,5,4,3,5,3,4,4,4,5,5,5,5,5,4
263,2,2,2,2,5,5,4,4,1,3,2,2,5,4,5,5,5,5,5,4
264,2,3,3,4,5,5,5,5,1,4,3,4,5,5,5,5,5,5,4,4
265,2,2,4,4,3,5,2,5,1,4,2,4,1,2,4,1,5,2,4,4
266,3,2,3,4,3,2,4,4,3,2,2,3,4,3,2,3,3,4,3,3
267,3,4,3,3,3,4,4,4,4,4,4,3,4,4,4,4,4,3,3,4
268,2,3,4,3,4,4,4,4,5,4,4,4,1,1,1,1,3,3,3,3
269,1,5,4,4,4,3,4,4,5,4,5,4,1,1,1,1,2,5,3,4
270,1,2,2,2,4,4,4,4,4,4,4,4,2,2,4,3,1,4,3,3
271,1,3,2,2,4,4,4,3,3,4,4,4,4,4,3,4,5,5,4,5
272,3,4,5,4,5,5,5,5,4,4,4,5,2,2,2,2,4,5,5,5
273,2,2,2,2,2,2,4,4,5,5,5,5,2,1,1,1,4,2,2,2
274,4,4,4,4,4,5,4,5,5,5,5,5,1,1,2,1,4,4,4,4
275,3,4,3,4,5,5,5,5,5,5,5,5,1,1,1,1,4,4,4,4
276,2,2,2,2,4,4,4,4,2,3,2,2,2,1,3,3,4,5,4,4
277,3,4,4,4,5,5,5,5,4,5,4,4,2,3,3,2,4,4,4,4
278,3,3,4,3,4,4,4,4,4,4,4,4,2,3,4,4,4,4,4,3
279,2,4,4,4,4,4,3,4,4,4,4,4,1,2,2,2,4,5,2,4
280,1,2,1,1,4,4,3,4,3,4,4,4,5,3,4,4,3,5,3,4
281,4,4,3,4,4,4,4,4,3,3,4,4,3,3,3,3,4,3,3,3
282,3,4,4,4,5,5,4,4,3,2,4,4,2,2,4,4,3,4,4,4
283,1,1,4,3,5,3,4,5,3,4,5,5,5,5,5,4,5,5,4,5
284,1,2,1,2,5,5,5,5,2,4,4,4,4,5,5,5,5,4,2,4
285,1,3,2,2,5,5,4,4,4,5,4,4,3,4,4,4,3,3,3,4
286,3,4,4,3,4,4,4,4,4,4,4,4,2,2,3,3,4,4,4,3
287,3,4,4,3,4,4,4,4,4,4,4,4,1,1,4,4,4,4,4,4
288,1,4,1,2,4,5,5,5,2,5,4,5,1,2,4,4,2,4,4,4
289,2,2,1,1,2,2,3,4,2,4,4,4,1,2,2,2,2,2,3,2
290,1,1,1,2,4,2,4,4,3,5,4,4,2,2,4,4,4,4,2,3
291,3,4,4,4,4,4,4,4,2,4,4,4,2,2,2,2,4,4,4,4
292,2,3,3,2,4,4,4,4,2,4,5,4,5,5,5,5,4,4,4,4
293,1,2,2,2,2,2,3,2,3,4,4,4,3,3,5,3,4,4,4,4
294,3,3,4,4,4,4,4,4,4,5,4,4,1,1,2,2,4,4,4,3
295,1,3,1,1,4,4,4,4,4,3,4,4,2,2,4,4,4,3,4,3
296,1,2,1,1,3,3,3,3,4,5,5,5,4,4,4,4,3,4,3,3
297,4,4,3,4,5,5,4,5,3,3,3,4,2,1,4,4,4,4,4,3
298,2,2,2,1,5,4,4,4,4,5,4,4,2,3,5,4,5,5,3,3
299,1,1,1,1,4,4,2,4,5,5,5,5,5,5,5,5,4,5,4,4
300,3,3,2,3,5,5,5,5,5,5,5,5,1,1,1,1,5,5,5,5
301,2,4,2,3,5,2,4,5,3,4,5,4,1,4,4,4,4,5,2,5
302,4,2,3,3,4,3,2,2,3,3,4,4,3,3,4,4,3,3,4,4
303,4,5,4,3,4,4,3,4,4,5,3,4,4,2,2,1,2,3,3,4
304,2,3,2,4,4,4,4,4,2,4,4,4,2,4,5,5,4,5,2,4
305,2,5,5,5,5,4,5,5,5,4,5,5,1,1,1,1,5,5,5,5
306,3,3,4,4,4,2,3,4,2,2,4,4,3,2,4,1,4,4,4,4
307,4,5,3,3,4,4,4,4,4,4,4,4,4,1,1,2,4,4,4,4
308,4,2,5,5,5,4,4,5,4,4,4,4,2,1,2,2,4,5,4,4
309,2,4,4,4,4,4,5,4,4,4,4,4,3,4,4,4,4,4,4,4
310,4,4,4,4,4,3,3,3,4,3,3,4,3,4,4,4,3,4,3,3
311,2,3,2,2,3,2,4,3,3,4,4,4,2,2,4,4,3,4,2,4
312,4,4,5,4,2,2,4,3,1,2,4,3,2,2,2,2,3,4,4,3
313,2,4,2,2,5,5,5,5,5,5,5,5,3,3,4,4,5,5,4,5
314,2,4,4,4,5,5,4,4,5,5,4,5,5,4,4,4,5,4,4,4
315,NA,NA,NA,NA,NA,NA,NA,NA,NA,NA,NA,NA,NA,NA,NA,NA,NA,NA,NA,NA
316,4,4,4,4,5,5,5,5,5,5,3,5,2,1,1,1,5,2,4,4
317,4,3,5,4,3,2,4,3,5,4,4,3,5,4,2,3,4,3,4,5
318,4,5,4,5,4,5,5,5,3,3,4,4,3,2,4,3,4,5,4,2
319,1,1,2,1,5,4,4,4,3,4,4,4,4,5,5,5,1,5,1,1
320,2,3,2,2,4,4,4,5,2,3,4,4,3,4,4,2,2,4,2,5
321,2,2,2,2,4,4,4,4,5,5,5,4,2,2,4,4,5,5,5,5
322,1,1,1,1,4,4,2,4,2,3,4,3,3,4,5,5,5,5,5,3
323,2,3,3,3,5,5,5,5,3,3,4,4,2,2,2,2,5,5,5,5
324,4,5,4,4,4,3,3,4,5,5,4,5,2,1,2,2,5,5,4,5
325,2,2,2,3,5,5,4,5,3,5,3,5,5,4,5,5,5,4,3,4
326,3,3,4,3,5,5,4,4,4,3,4,3,4,3,4,3,5,5,5,4
327,1,1,2,1,4,3,3,4,5,5,4,4,3,5,5,5,2,2,2,4
328,1,3,1,1,1,2,3,3,4,5,5,4,3,3,2,3,3,4,3,3
329,3,3,2,4,5,4,4,5,2,3,4,4,4,4,5,5,5,5,5,4
330,2,4,4,3,4,4,4,4,4,4,4,4,4,4,4,4,4,4,2,3
331,3,3,4,4,4,4,4,4,4,3,4,4,1,1,1,1,4,4,4,4
332,5,5,4,5,4,5,5,5,4,5,5,5,5,5,2,2,4,4,2,4
333,2,4,2,3,4,4,5,5,5,5,5,3,1,1,1,1,4,4,4,4
334,1,1,1,1,5,5,5,5,5,5,5,5,4,4,4,4,5,5,5,5
335,4,5,3,4,5,4,3,4,5,4,4,5,2,4,5,4,3,2,4,3
336,2,2,3,3,4,3,3,4,2,3,2,2,3,3,3,4,4,3,3,3
337,4,5,4,4,4,5,4,5,4,5,5,4,4,4,4,5,4,4,4,4
338,4,4,4,4,5,5,5,4,4,1,4,3,2,4,5,5,5,5,5,5
339,1,2,2,3,5,4,5,5,3,4,4,4,4,3,5,5,4,5,4,4
340,NA,NA,NA,NA,NA,NA,NA,NA,NA,NA,NA,NA,NA,NA,NA,NA,NA,NA,NA,NA
341,1,2,3,4,5,4,3,2,1,2,3,3,4,5,5,4,3,2,1,2
342,4,5,4,4,4,4,5,5,4,5,4,4,2,2,1,1,4,4,4,4
343,2,2,2,2,4,4,5,5,2,4,4,4,2,4,4,4,2,2,4,2
344,2,2,4,4,5,5,5,5,2,5,2,4,5,5,5,5,4,5,4,5
345,3,4,4,4,4,4,4,4,4,4,4,4,2,2,4,2,4,4,4,4
346,2,5,2,3,4,4,4,4,5,5,5,5,1,1,1,1,4,4,4,3
347,4,4,5,4,5,4,5,4,5,4,4,5,4,5,4,5,4,5,4,5
348,3,4,4,4,4,4,4,4,4,4,4,4,2,2,3,2,4,4,4,4
349,1,4,2,2,4,3,4,4,4,4,4,4,2,1,1,1,4,5,3,4
350,2,4,2,2,4,4,4,4,5,5,5,5,2,2,2,2,4,4,4,5
351,2,4,2,3,5,4,5,4,4,4,4,5,1,1,2,3,4,4,2,2
352,2,4,2,4,4,4,4,4,4,4,4,2,1,1,1,1,5,4,1,1
353,4,5,4,5,4,5,4,5,4,5,4,5,4,5,4,5,4,5,4,5
354,4,5,3,4,5,4,4,5,4,5,5,4,3,4,4,4,3,5,4,5
355,3,3,4,3,4,4,4,4,5,5,4,5,2,3,4,4,4,5,3,3
356,1,3,1,1,3,2,4,4,4,2,5,3,2,2,2,2,4,4,3,3
357,2,4,4,4,5,5,4,4,2,3,4,4,2,2,3,2,4,4,2,2
358,1,2,1,2,2,2,4,4,4,5,4,4,2,2,1,2,2,3,2,2
359,2,1,4,4,3,1,5,5,2,4,4,4,1,1,1,4,5,5,2,2
360,2,2,1,2,5,4,4,5,2,2,2,2,2,2,5,4,5,5,4,4
361,4,4,3,3,4,4,4,4,4,4,4,3,3,1,1,1,4,4,2,4
362,3,4,3,3,4,3,4,4,4,3,4,4,3,3,3,2,2,2,2,3
363,2,3,4,4,4,3,4,4,3,4,4,4,1,1,1,1,4,5,4,4
364,3,3,3,3,3,3,3,3,3,3,3,3,3,2,2,3,3,3,3,3
365,2,4,4,2,4,4,4,4,4,4,4,4,2,3,2,2,4,3,3,4
366,2,2,2,2,4,3,4,4,3,4,4,4,2,2,3,2,4,3,4,4
367,2,4,3,4,5,4,4,5,2,4,4,3,1,2,2,3,3,4,2,3
368,5,4,4,2,3,4,5,3,2,4,5,3,4,4,2,4,4,2,3,4
369,2,3,2,2,3,2,4,4,5,4,4,4,1,1,2,1,2,3,2,2
370,1,4,1,2,3,3,4,4,3,3,4,4,2,3,4,4,5,4,3,4
371,4,4,4,4,4,5,5,5,5,5,5,4,2,2,2,2,4,4,4,4
372,2,4,1,1,3,2,4,3,4,4,5,4,2,2,2,2,4,4,3,4
373,2,2,3,3,5,5,5,5,4,5,4,4,2,2,4,4,4,4,3,4
374,4,4,4,4,4,4,4,4,4,4,4,4,2,2,2,2,4,4,2,4
375,3,4,3,3,4,4,4,4,4,4,4,5,1,1,1,1,3,5,3,4
376,1,4,2,3,5,5,5,5,5,5,5,5,3,2,5,3,4,5,3,5
377,4,3,4,4,5,3,4,4,5,4,4,5,4,4,4,3,4,5,4,4
378,2,2,2,2,3,3,3,3,4,4,4,4,4,4,4,4,3,4,3,3
379,4,5,4,3,4,5,4,5,4,5,4,5,4,3,4,5,4,4,5,4
380,3,1,4,2,2,2,5,5,5,5,4,4,1,1,2,1,5,5,5,5
381,3,4,5,3,5,5,5,1,5,4,5,2,5,5,5,5,5,5,5,5
382,2,3,2,2,5,3,4,4,4,5,4,4,1,1,3,3,4,4,3,2
383,1,1,1,1,4,4,3,3,5,3,3,2,1,1,1,1,5,5,4,3
384,3,4,4,4,4,4,5,5,4,3,4,3,2,2,1,1,4,5,4,4
385,5,5,5,5,5,5,5,5,5,5,5,5,5,5,2,2,4,4,4,4
386,3,4,4,4,4,4,5,5,3,4,4,4,2,1,3,4,4,5,2,3
387,4,5,4,3,4,5,4,3,4,4,4,3,4,5,4,3,4,4,3,4
388,1,2,2,2,4,4,4,4,4,3,4,4,2,3,2,4,4,5,4,4
389,4,4,5,5,4,4,4,4,5,4,5,3,1,4,5,4,2,4,2,4
390,5,5,5,5,5,5,5,5,5,5,4,4,4,3,4,4,3,3,2,2
391,2,2,2,2,2,2,4,4,4,4,4,4,2,2,2,2,3,4,4,4
392,4,3,3,4,5,4,3,4,3,4,4,3,4,3,4,4,5,4,4,4
393,3,4,4,4,4,4,4,4,3,3,4,3,2,1,3,2,3,4,3,4
394,3,3,4,4,4,4,4,4,4,4,4,4,3,3,3,3,4,4,4,4
395,2,4,2,4,4,4,4,4,4,4,4,4,2,2,2,2,4,4,4,4
396,1,2,1,1,3,4,4,3,1,5,2,2,4,4,5,5,4,5,3,4
397,5,5,5,5,5,4,4,5,5,4,4,5,5,2,2,2,3,3,2,2
398,5,5,5,5,5,5,5,5,5,5,5,5,1,1,1,2,3,5,5,1
399,3,3,2,4,4,4,4,5,2,3,4,2,3,2,2,3,4,3,2,4
400,1,5,1,2,4,4,4,5,5,5,5,5,1,1,1,1,3,3,3,4
401,5,2,3,4,2,5,2,3,1,5,2,1,4,5,2,5,2,3,5,3
402,2,3,2,2,3,2,4,3,3,4,4,4,4,4,4,4,4,4,2,3
403,4,4,4,4,4,4,4,4,4,2,4,2,3,4,4,4,4,4,4,4
404,1,2,2,2,4,4,5,4,4,4,5,4,2,2,4,4,4,3,4,4
405,4,4,4,4,3,4,4,3,4,4,4,4,4,3,3,3,3,4,4,4
406,4,4,4,5,5,4,4,4,5,5,4,4,4,4,5,5,5,4,5,4
407,5,5,5,4,4,4,4,4,4,4,4,4,4,2,2,2,4,4,4,4
408,4,3,4,2,3,3,4,2,3,4,2,3,4,3,3,4,2,3,2,3
409,4,4,4,4,4,4,4,4,4,4,4,4,2,3,4,4,4,4,2,2
410,4,4,4,4,4,4,4,4,4,4,4,4,2,2,2,2,4,4,4,4
411,4,3,2,3,4,4,3,4,4,4,3,4,3,3,4,4,4,3,2,4
412,2,2,1,1,4,4,4,4,3,4,4,4,2,2,4,4,4,4,4,4
413,4,5,5,5,5,5,5,5,5,5,5,5,1,1,1,1,2,5,4,4
414,4,4,4,4,4,4,4,4,4,4,4,4,4,4,4,4,4,4,4,4
415,1,3,1,2,4,4,4,4,4,5,5,5,4,4,4,4,4,4,2,3
416,2,4,4,4,4,4,4,4,4,4,4,4,2,2,2,2,4,4,4,4
417,5,5,5,5,3,3,2,4,4,3,5,5,2,2,2,2,4,4,5,4
418,3,2,5,2,2,2,2,5,2,5,2,4,3,5,2,4,2,5,3,4
419,2,2,4,1,5,4,4,4,4,5,5,5,5,5,5,5,5,4,4,2
420,4,4,4,4,4,4,4,4,4,4,4,4,4,2,2,2,4,4,4,2
421,2,4,3,2,5,5,5,5,4,4,4,4,1,2,5,3,5,5,5,5
422,1,3,2,2,5,5,4,4,2,4,3,3,2,2,4,3,2,4,2,2
423,1,1,1,1,4,3,4,4,3,4,4,4,2,2,4,3,4,5,4,5
424,1,1,1,1,5,5,5,5,5,5,5,4,2,5,5,5,4,4,4,4
425,3,2,3,2,3,2,3,3,2,3,3,4,3,2,3,2,2,3,3,3
426,3,4,2,4,3,3,4,4,3,3,3,3,4,2,4,4,4,3,3,4
427,5,4,5,4,5,4,5,4,5,4,5,5,4,5,4,5,5,4,5,5
428,5,5,4,5,4,5,4,4,5,4,5,4,4,5,4,5,5,4,5,4
429,2,3,2,2,4,4,3,4,4,4,4,4,2,2,3,3,5,5,4,5
430,1,2,2,2,5,5,4,4,2,5,5,4,2,2,5,4,2,5,4,4
431,3,4,3,3,4,4,4,4,4,4,4,4,2,2,2,3,4,4,4,4
432,1,1,2,4,3,3,4,4,4,5,5,4,1,2,1,1,1,2,3,3
433,3,3,4,4,4,4,4,4,3,4,4,4,3,3,3,3,4,4,4,4
434,4,5,5,5,5,5,4,3,3,5,4,3,4,4,4,4,5,5,4,5
435,1,2,1,2,4,4,4,4,5,5,4,5,5,5,5,5,5,5,5,5
436,4,4,4,4,3,4,4,4,3,3,4,3,4,3,3,4,3,3,4,3
437,2,4,2,2,4,4,4,5,4,4,5,4,2,3,4,3,4,4,4,4
438,4,4,4,3,4,3,4,4,4,4,4,4,2,2,2,2,4,4,4,4
439,2,3,2,2,4,4,4,4,4,4,4,4,3,3,4,4,4,4,4,4
440,4,4,4,4,4,4,4,4,4,4,4,4,4,4,4,4,4,4,4,4
441,2,4,4,2,4,4,4,4,4,4,4,4,2,2,2,2,4,4,4,4
442,2,3,4,3,4,3,3,4,3,3,2,3,4,3,3,2,3,4,2,3
443,2,4,2,3,4,3,2,3,4,4,4,3,2,3,4,3,3,4,3,3
444,4,4,4,4,4,4,4,4,4,4,4,4,4,4,4,4,4,4,4,4
445,1,2,1,3,5,5,4,5,3,4,4,3,2,4,5,5,5,4,3,4
446,4,4,4,4,5,5,5,5,5,5,4,4,1,1,1,2,4,4,5,5
447,4,3,4,3,2,3,2,4,3,4,4,3,3,4,3,2,3,4,3,2
448,2,4,3,3,4,4,5,5,3,4,4,4,4,4,4,3,4,4,5,5
449,3,4,2,2,4,4,4,4,5,3,4,2,1,4,4,4,3,2,2,2
450,2,2,1,3,4,3,4,5,5,5,4,4,4,5,5,5,3,4,3,3
451,2,4,4,2,1,1,1,4,1,1,4,4,4,2,1,2,5,1,2,5
452,4,5,5,4,3,4,4,4,5,5,4,4,5,4,4,4,3,2,2,4
453,2,2,2,2,4,4,4,4,2,4,4,4,2,5,5,5,4,4,2,2
454,2,4,4,4,5,5,4,5,5,5,4,5,1,1,1,2,4,5,2,4
455,3,4,4,4,4,4,4,4,5,5,5,5,1,1,1,3,4,4,3,5
456,4,3,2,3,2,3,3,3,3,3,3,3,2,2,3,3,2,2,3,3
457,1,4,2,3,4,4,4,4,4,4,4,3,1,1,3,1,4,5,4,4
458,2,4,4,2,4,3,4,4,4,3,4,4,2,2,2,2,2,4,3,4
459,1,2,1,1,2,3,4,3,4,4,4,4,3,4,3,4,5,5,5,5
460,3,4,2,3,4,4,5,5,3,5,5,4,1,2,3,3,5,4,4,5
461,3,4,4,4,4,4,5,4,4,5,4,4,2,2,2,2,3,2,3,3
462,1,2,1,1,4,3,2,4,4,4,4,2,2,1,4,4,3,3,4,3
463,4,4,4,4,4,4,4,4,4,4,4,4,4,4,4,4,4,4,4,4
464,2,4,2,4,4,3,4,5,4,5,5,5,2,2,2,2,5,5,5,5
465,1,2,1,1,4,3,3,5,2,2,2,1,3,4,5,5,3,4,3,3
466,2,3,2,2,4,3,4,4,3,3,4,4,2,2,2,2,3,4,4,3
467,4,4,4,4,4,4,4,4,4,4,4,4,4,3,3,3,3,4,4,4
468,NA,NA,NA,NA,NA,NA,NA,NA,NA,NA,NA,NA,NA,NA,NA,NA,NA,NA,NA,NA
469,1,3,2,2,4,4,4,4,1,3,4,3,1,2,4,4,3,4,3,3
470,1,3,1,1,4,4,4,4,4,5,4,4,2,3,5,5,1,1,1,1
471,1,2,2,3,5,5,4,4,4,5,5,5,4,4,4,5,5,5,4,3
472,3,3,3,2,4,4,4,4,5,5,4,4,2,2,3,2,4,4,3,3
473,2,3,4,3,2,3,4,3,2,4,4,3,2,3,4,5,4,3,2,1
474,4,5,4,3,4,3,2,3,4,3,3,2,2,1,3,3,2,4,2,3
475,2,4,3,4,5,4,5,5,4,4,4,2,3,4,4,4,3,4,2,2
476,2,4,2,2,4,4,4,4,4,4,4,4,2,4,4,4,4,4,4,4
477,3,4,3,3,3,3,3,4,3,4,3,4,3,4,3,4,3,3,3,4
478,4,3,5,5,4,5,5,4,4,5,4,5,4,4,5,5,4,3,5,5
479,1,1,1,1,1,2,1,1,5,5,5,5,5,5,5,5,5,5,5,5
480,3,4,2,2,4,4,4,4,3,4,4,4,4,3,2,3,4,4,4,4
